"dataset","V1"
"panel_9_4_19","formerly"
"panel_9_4_19","brand strategist"
"oct_2019_random","reiki master"
"panel_7_7_20","msu alum"
"panel_7_7_20","marketing"
"panel_9_4_19","no brakes"
"oct_2019_random","web"
"panel_7_7_20","story producer"
"oct_2019_random","music"
"panel_9_4_19","effectiveness"
"oct_2019_random","football"
"panel_9_4_19","cscs"
"panel_9_4_19","animal lover"
"panel_9_4_19","god first"
"panel_9_4_19","umassamherst"
"oct_2019_random","like"
"oct_2019_random","hermano"
"panel_9_4_19","future slp"
"oct_2019_random","ing"
"panel_9_4_19","navy"
"oct_2019_random","cod"
"panel_7_7_20","chief of staff"
"oct_2019_random","aliando26"
"panel_7_7_20","mixing"
"panel_9_4_19","socal"
"panel_7_7_20","fans"
"panel_9_4_19","mom"
"panel_7_7_20","god fearing"
"panel_9_4_19","live colorfully"
"panel_7_7_20","university educator"
"panel_9_4_19","massage therapist"
"panel_9_4_19","aspiring youtuber"
"panel_9_4_19","redsox"
"panel_9_4_19","cartoon enthusiast"
"panel_7_7_20","christ follower"
"panel_9_4_19","hiker"
"panel_9_4_19","science"
"oct_2019_random","born"
"oct_2019_random","views my own"
"panel_7_7_20","motorsports enthusiast"
"oct_2019_random","fighting"
"panel_9_4_19","rap r&b"
"panel_9_4_19","tennis coach"
"oct_2019_random","5sos"
"panel_9_4_19","my own opinions"
"panel_9_4_19","storyteller"
"oct_2019_random","conservation"
"oct_2019_random","life"
"oct_2019_random","founder"
"panel_7_7_20","advocate"
"panel_9_4_19","fishing"
"oct_2019_random","guitarist"
"panel_9_4_19","she"
"panel_9_4_19","web developer"
"oct_2019_random","dms open"
"panel_9_4_19","praise the lord"
"panel_9_4_19","dublin"
"panel_7_7_20","beach"
"panel_7_7_20","they"
"panel_9_4_19","entrepreneurial spirit"
"oct_2019_random","beautiful"
"oct_2019_random","digital artist"
"oct_2019_random","indonesia"
"oct_2019_random","teams"
"oct_2019_random","anime"
"panel_7_7_20","pray continually"
"panel_7_7_20","graduate student"
"panel_9_4_19","proud mama"
"panel_9_4_19","deloitte"
"oct_2019_random","rumors"
"panel_7_7_20","leo"
"panel_7_7_20","sister"
"panel_9_4_19","fiance"
"oct_2019_random","fitness"
"panel_9_4_19","host"
"panel_9_4_19","educator"
"panel_7_7_20","mix"
"panel_7_7_20","solutions"
"panel_9_4_19","washburn university"
"panel_9_4_19","kidney"
"panel_7_7_20","rangers"
"oct_2019_random","96line"
"panel_7_7_20","owner"
"oct_2019_random","email"
"panel_9_4_19","christ follower"
"oct_2019_random","country girl"
"oct_2019_random","ingeniero de sistemas"
"panel_7_7_20","politics"
"oct_2019_random","most importantly"
"panel_9_4_19","reading"
"panel_9_4_19","treasurer"
"panel_9_4_19","creator"
"panel_9_4_19","video"
"oct_2019_random","skate"
"panel_7_7_20","contributor to"
"panel_7_7_20","zoey"
"panel_9_4_19","sister"
"panel_7_7_20","her"
"panel_9_4_19","dad"
"panel_7_7_20","founder"
"oct_2019_random","attorney"
"oct_2019_random","things"
"oct_2019_random","general"
"panel_9_4_19","mother"
"oct_2019_random","teatro"
"panel_9_4_19","that is all"
"panel_7_7_20","farmer's daughter"
"panel_9_4_19","teamfollowback"
"oct_2019_random","ict"
"panel_7_7_20","sports"
"panel_7_7_20","nygiants"
"oct_2019_random","don't worry"
"oct_2019_random","positive"
"panel_7_7_20","hers"
"panel_9_4_19","my family"
"panel_7_7_20","vegetarian"
"oct_2019_random","18 aos"
"panel_7_7_20","executive pastor"
"panel_9_4_19","boy mom"
"oct_2019_random","snapchat"
"panel_7_7_20","ball is life"
"panel_9_4_19","mommy"
"panel_7_7_20","producer"
"panel_7_7_20","accenture"
"panel_9_4_19","cars"
"panel_7_7_20","managing director"
"oct_2019_random","life in general"
"panel_7_7_20","marine veteran"
"oct_2019_random","movies"
"panel_7_7_20","friend"
"oct_2019_random","in the end"
"oct_2019_random","videographer"
"panel_9_4_19","joshua 1:9"
"panel_7_7_20","friends"
"panel_9_4_19","coach"
"panel_9_4_19","engage"
"oct_2019_random","flower child"
"panel_9_4_19","drake"
"panel_9_4_19","actor"
"panel_9_4_19","weather"
"panel_9_4_19","freelance writer"
"panel_9_4_19","dog mom"
"panel_7_7_20","gamer"
"oct_2019_random","socialmedia"
"panel_7_7_20","realtors"
"panel_7_7_20","publications"
"oct_2019_random","fashionista"
"panel_9_4_19","mba candidate"
"panel_9_4_19","views are mine"
"panel_9_4_19","golfer"
"oct_2019_random","ftbol"
"panel_9_4_19","queerness"
"panel_9_4_19","nature"
"panel_7_7_20","anti-war"
"panel_7_7_20","education"
"oct_2019_random","producer"
"panel_7_7_20","shipfam"
"oct_2019_random","animal welfare"
"panel_7_7_20","teacher"
"panel_7_7_20","gym rat"
"oct_2019_random","gaming"
"panel_7_7_20","hard worker"
"oct_2019_random","avid reader"
"panel_7_7_20","my dog"
"oct_2019_random","revolution"
"oct_2019_random","sencilla"
"oct_2019_random","entrepreneurship"
"panel_9_4_19","anything"
"panel_9_4_19","swimmer"
"oct_2019_random","cutter"
"panel_7_7_20","coffee"
"panel_9_4_19","mets"
"panel_9_4_19","publisher"
"oct_2019_random","family"
"oct_2019_random","am cool"
"oct_2019_random","guns n' roses"
"panel_7_7_20","k9s"
"panel_7_7_20","doggy mama"
"panel_7_7_20","pugs"
"panel_9_4_19","beekeeper"
"panel_9_4_19","go dawgs"
"oct_2019_random","making new friends"
"oct_2019_random","copywriting"
"panel_9_4_19","professional makeup artist"
"oct_2019_random","softball"
"panel_7_7_20","educator"
"panel_7_7_20","dining"
"oct_2019_random","giveaways"
"oct_2019_random","never give up"
"panel_9_4_19","laugh everyday"
"panel_9_4_19","fiend"
"oct_2019_random","17 anos"
"panel_7_7_20","banner by"
"panel_7_7_20","mom"
"oct_2019_random","med"
"oct_2019_random","follow"
"panel_7_7_20","self proclaimed"
"oct_2019_random","youtube obsessed"
"panel_7_7_20","black lives matter"
"panel_9_4_19","book lover"
"oct_2019_random","follow her"
"oct_2019_random","creatividad"
"panel_7_7_20","trailblazer"
"panel_9_4_19","pop culture"
"panel_7_7_20","rap"
"oct_2019_random","etc"
"panel_9_4_19","loving man"
"panel_7_7_20","wellness advocate"
"panel_7_7_20","iamwellandgood"
"panel_7_7_20","great coffee"
"panel_9_4_19","composer"
"oct_2019_random","artist"
"oct_2019_random","t o p"
"panel_7_7_20","tenor"
"oct_2019_random","las vegas"
"oct_2019_random","new to twitter"
"oct_2019_random","hi stalker"
"oct_2019_random","made in italy"
"oct_2019_random","sid"
"panel_7_7_20","emmy award winner"
"oct_2019_random","originals"
"oct_2019_random","tmi"
"oct_2019_random","android"
"panel_9_4_19","do nothing"
"panel_7_7_20","alexander"
"panel_9_4_19","music"
"panel_7_7_20","god is everything"
"panel_9_4_19","god"
"panel_9_4_19","investor"
"panel_9_4_19","son"
"panel_7_7_20","galatians 2:20"
"panel_7_7_20","go left"
"panel_9_4_19","writer"
"panel_7_7_20","polymath"
"panel_9_4_19","chi"
"panel_9_4_19","bea"
"oct_2019_random","photography"
"panel_7_7_20","wellness"
"panel_9_4_19","lord jesus christ"
"oct_2019_random","ingeniero civil"
"panel_7_7_20","sales professional"
"panel_7_7_20","aviation"
"oct_2019_random","model"
"panel_9_4_19","pythonista"
"oct_2019_random","mean it"
"panel_7_7_20","guns"
"panel_9_4_19","cre"
"panel_7_7_20","sales"
"panel_7_7_20","connecting the dots"
"panel_7_7_20","dunno"
"panel_7_7_20","wine"
"panel_7_7_20","filmmaker"
"panel_7_7_20","oakland a's"
"panel_7_7_20","hiking"
"panel_9_4_19","interpreter"
"oct_2019_random","bernardokath"
"oct_2019_random","bogota"
"panel_7_7_20","dance instructor"
"panel_9_4_19","world affairs"
"oct_2019_random","following my dreams"
"panel_9_4_19","cooking"
"panel_7_7_20","salesman"
"oct_2019_random","hermana"
"panel_9_4_19","wife"
"oct_2019_random","fuck everyone"
"panel_9_4_19","roosevelt"
"panel_7_7_20","twerk"
"panel_9_4_19","roll tide"
"panel_7_7_20","creator of jewelry"
"oct_2019_random","awkward"
"oct_2019_random","creative arts"
"panel_7_7_20","brewing beer"
"panel_9_4_19","snap me"
"panel_7_7_20","boston sports teams"
"panel_7_7_20","product management"
"panel_9_4_19","umich"
"oct_2019_random","vignista"
"oct_2019_random","get out"
"panel_7_7_20","entomologist"
"panel_7_7_20","brother"
"oct_2019_random","nothing interesting"
"panel_9_4_19","don't know"
"panel_9_4_19","watch sports"
"panel_9_4_19","transportation professional"
"panel_9_4_19","hell raiser"
"panel_9_4_19","sip"
"oct_2019_random","chocolate"
"panel_7_7_20","softball coach"
"oct_2019_random","my blog"
"oct_2019_random","cricket"
"panel_9_4_19","feature"
"panel_9_4_19","art"
"panel_9_4_19","progressive"
"oct_2019_random","follow aja dulu"
"panel_9_4_19","snowboarding"
"panel_7_7_20","dental hygienist"
"panel_7_7_20","author"
"panel_7_7_20","grand father"
"panel_9_4_19","greatawakening"
"panel_7_7_20","enfp"
"panel_9_4_19","author"
"oct_2019_random","weird"
"panel_9_4_19","college of engineering"
"panel_7_7_20","coffee addict"
"oct_2019_random","one heart"
"panel_7_7_20","kujournalism"
"panel_9_4_19","period"
"oct_2019_random","video games"
"oct_2019_random","amistoso"
"panel_7_7_20","cataloging"
"panel_7_7_20","music"
"panel_9_4_19","skier"
"oct_2019_random","ppc"
"panel_9_4_19","east hampton"
"oct_2019_random","chatterbox"
"panel_7_7_20","carry on"
"panel_9_4_19","singer"
"panel_7_7_20","living the dream"
"panel_7_7_20","there you are"
"panel_7_7_20","sailor"
"panel_9_4_19","rockies"
"oct_2019_random","make a difference"
"oct_2019_random","leo"
"panel_7_7_20","ugh"
"panel_9_4_19","event strategist"
"oct_2019_random","gaming news"
"panel_9_4_19","business owner"
"oct_2019_random","married"
"panel_7_7_20","fighter"
"panel_7_7_20","go sox"
"panel_7_7_20","unt alumni"
"oct_2019_random","soccer"
"oct_2019_random","simple"
"panel_9_4_19","artist"
"panel_9_4_19","cpbgroup"
"oct_2019_random","mommy"
"panel_7_7_20","director"
"panel_7_7_20","reading"
"panel_9_4_19","gbr"
"panel_9_4_19","novice runner"
"panel_9_4_19","wait"
"oct_2019_random","pin"
"panel_7_7_20","travel"
"panel_7_7_20","follow me"
"oct_2019_random","writer"
"oct_2019_random","one direction"
"oct_2019_random","canada"
"panel_9_4_19","25 years"
"panel_7_7_20","artist"
"panel_9_4_19","houstontx"
"panel_9_4_19","trainer"
"panel_7_7_20","obstacles"
"oct_2019_random","rugby"
"panel_7_7_20","confidant"
"panel_7_7_20","all comments"
"panel_9_4_19","foodie"
"panel_7_7_20","proud geek"
"panel_9_4_19","husband"
"panel_9_4_19","google play"
"panel_9_4_19","architectural designer"
"panel_9_4_19","big gulps"
"panel_9_4_19","glitter"
"oct_2019_random","muscle"
"oct_2019_random","sometimes"
"oct_2019_random","design"
"panel_9_4_19","my granddaughter"
"panel_9_4_19","chair"
"oct_2019_random","is my"
"panel_7_7_20","data geek"
"oct_2019_random","author"
"panel_7_7_20","minister"
"panel_7_7_20","retail"
"oct_2019_random","marketing"
"panel_9_4_19","loves music"
"panel_7_7_20","work hard"
"panel_7_7_20","adventurous"
"panel_7_7_20","dreamer"
"panel_9_4_19","sociology"
"panel_7_7_20","fan"
"oct_2019_random","gamer"
"oct_2019_random","sports science"
"oct_2019_random","cosmetics"
"panel_9_4_19","entrepreneur"
"panel_9_4_19","makeup"
"oct_2019_random","twitter"
"oct_2019_random","educaci"
"oct_2019_random","awesome"
"oct_2019_random","espaol"
"panel_9_4_19","camping"
"panel_7_7_20","photographer"
"panel_9_4_19","winemaker"
"panel_9_4_19","production"
"panel_7_7_20","missionary"
"panel_9_4_19","san diego"
"panel_7_7_20","human dignity"
"panel_9_4_19","patriots"
"panel_7_7_20","daughter"
"panel_9_4_19","traveler"
"panel_9_4_19","lawyer"
"oct_2019_random","embrace it"
"panel_7_7_20","cheese lover"
"panel_7_7_20","loving my life"
"panel_9_4_19","comedian"
"panel_7_7_20","freelancer"
"panel_7_7_20","native new yorker"
"panel_9_4_19","kickboxer"
"panel_9_4_19","ud alum"
"panel_9_4_19","delaware"
"panel_9_4_19","mba candidate at"
"oct_2019_random","empowerment"
"panel_7_7_20","tech marketing"
"panel_9_4_19","wrestling enthusiast"
"panel_7_7_20","gamer dad"
"oct_2019_random","teacher"
"panel_9_4_19","educational technology"
"oct_2019_random","alba"
"panel_7_7_20","plf"
"panel_7_7_20","speaker"
"panel_7_7_20","captain america"
"oct_2019_random","jucoproduct"
"oct_2019_random","dancer"
"panel_9_4_19","resist"
"oct_2019_random","love"
"panel_7_7_20","what about you"
"oct_2019_random","mom"
"panel_7_7_20","freelance writer"
"panel_7_7_20","oitnb"
"oct_2019_random","asst"
"oct_2019_random","singer"
"oct_2019_random","fan"
"panel_7_7_20","music lover"
"panel_7_7_20","mother"
"panel_9_4_19","umass grad"
"oct_2019_random","taylorswift"
"oct_2019_random","blogger"
"oct_2019_random","day dreamer"
"oct_2019_random","flower"
"panel_7_7_20","inc"
"panel_9_4_19","yankees"
"oct_2019_random","805"
"panel_9_4_19","ela teacher"
"panel_7_7_20","own opinions"
"panel_9_4_19","friend"
"oct_2019_random","living legend"
"oct_2019_random","wife"
"oct_2019_random","husband"
"panel_9_4_19","designer"
"oct_2019_random","woo"
"oct_2019_random","follow me"
"oct_2019_random","photographe"
"oct_2019_random","part time student"
"panel_7_7_20","harvardmed"
"panel_9_4_19","since 1992"
"panel_9_4_19","radio"
"panel_7_7_20","field"
"oct_2019_random","justinbieber"
"oct_2019_random","draw"
"oct_2019_random","forever young"
"panel_9_4_19","friends"
"panel_9_4_19","data"
"oct_2019_random","friend"
"oct_2019_random","beatmaker"
"panel_7_7_20","feminist"
"panel_7_7_20","2011"
"panel_9_4_19","on wisconsin"
"panel_9_4_19","craniosacral therapist"
"panel_9_4_19","content strategist"
"panel_9_4_19","consultant"
"panel_7_7_20","tattoos"
"panel_7_7_20","explorer"
"oct_2019_random","trabajo"
"panel_7_7_20","attorney"
"panel_7_7_20","be honest"
"oct_2019_random","msu"
"oct_2019_random","innovative"
"panel_7_7_20","more"
"panel_7_7_20","los angeles"
"panel_9_4_19","people"
"oct_2019_random","truth"
"panel_9_4_19","married"
"panel_9_4_19","entertainer"
"panel_9_4_19","culture maven"
"oct_2019_random","bars"
"panel_9_4_19","realtor"
"oct_2019_random","former marine"
"oct_2019_random","confidence"
"panel_7_7_20","laughing"
"panel_9_4_19","puerto rico"
"oct_2019_random","people lover"
"oct_2019_random","queen"
"panel_7_7_20","life insurance"
"panel_7_7_20","leadership development"
"panel_7_7_20","loyalty"
"oct_2019_random","nuff said"
"oct_2019_random","books"
"oct_2019_random","bama"
"panel_7_7_20","overcome"
"panel_9_4_19","spiritual director"
"panel_9_4_19","huffpo"
"panel_7_7_20","humor"
"panel_7_7_20","son"
"panel_9_4_19","best selling author"
"panel_9_4_19","laugh"
"panel_9_4_19","love"
"panel_7_7_20","professional development specialist"
"panel_9_4_19","never give up"
"panel_7_7_20","proud"
"oct_2019_random","depression"
"panel_9_4_19","songwriter"
"panel_7_7_20","2020census"
"oct_2019_random","ken"
"oct_2019_random","among other things"
"panel_9_4_19","world traveler"
"panel_7_7_20","is my life"
"panel_7_7_20","blacklivesmatter"
"panel_7_7_20","policing"
"panel_7_7_20","soccer lover"
"panel_7_7_20","llc"
"panel_7_7_20","cali born"
"oct_2019_random","instagram"
"panel_9_4_19","sicem"
"panel_9_4_19","business development"
"panel_7_7_20","healthy cooking"
"panel_9_4_19","technology"
"panel_7_7_20","husband to"
"panel_7_7_20","pug"
"panel_9_4_19","elementary teacher"
"panel_7_7_20","10th"
"panel_7_7_20","hala madrid"
"oct_2019_random","tribe"
"panel_7_7_20","philly sports fan"
"panel_7_7_20","theater geek"
"oct_2019_random","everything"
"panel_7_7_20","finance"
"panel_7_7_20","you're welcome"
"oct_2019_random","dep"
"oct_2019_random","tomorrowland"
"panel_9_4_19","wife to matthew"
"panel_7_7_20","formerly"
"panel_9_4_19","nerdy"
"panel_7_7_20","husband"
"oct_2019_random","nutrition"
"oct_2019_random","christian"
"panel_7_7_20","teamtatted"
"oct_2019_random","country"
"panel_7_7_20","medical assistant"
"oct_2019_random","muslim"
"panel_7_7_20","information architecture"
"panel_7_7_20","policy nerd"
"oct_2019_random","engineering"
"panel_7_7_20","wife"
"panel_7_7_20","manager"
"panel_9_4_19","gamer"
"panel_9_4_19","nebraska"
"panel_9_4_19","dork"
"panel_7_7_20","dad"
"oct_2019_random","management"
"oct_2019_random","interior design"
"panel_9_4_19","jesus"
"oct_2019_random","doer"
"panel_9_4_19","single parent"
"oct_2019_random","music lover"
"panel_7_7_20","advocate for students"
"panel_9_4_19","golden state warriors"
"panel_7_7_20","affiliate marketer"
"oct_2019_random","tennis"
"panel_9_4_19","twitter newbie"
"panel_9_4_19","trusts"
"oct_2019_random","f1 fan"
"panel_7_7_20","open your eyes"
"oct_2019_random","river plate"
"panel_7_7_20","pointparku"
"oct_2019_random","traductora"
"panel_9_4_19","wife to scott"
"panel_9_4_19","proud of it"
"panel_7_7_20","my friends"
"panel_7_7_20","opinions mine"
"panel_9_4_19","marketing"
"oct_2019_random","201"
"panel_9_4_19","software engineer"
"panel_7_7_20","grandmother"
"panel_7_7_20","r i p"
"oct_2019_random","student"
"panel_7_7_20","game"
"panel_9_4_19","apple teacher"
"panel_7_7_20","she"
"oct_2019_random","computers"
"panel_7_7_20","push through"
"panel_9_4_19","runner"
"panel_9_4_19","nurse to be"
"panel_7_7_20","dean emeritus"
"oct_2019_random","police"
"oct_2019_random","libros"
"oct_2019_random","gop"
"panel_9_4_19","humble"
"oct_2019_random","forest"
"oct_2019_random","nerd"
"oct_2019_random","podcasts"
"panel_9_4_19","multidisciplinary artist"
"panel_9_4_19","pa for"
